<?xml version="1.0" encoding="UTF-8" ?>
<module>
	<name>multisafepayideal</name>
	<displayName><![CDATA[iDEAL]]></displayName>
	<version><![CDATA[3.8.0]]></version>
	<description><![CDATA[Accepteer iDEAL betalingen via MultiSafepay]]></description>
	<author><![CDATA[MultiSafepay]]></author>
	<tab><![CDATA[payments_gateways]]></tab>
	<confirmUninstall><![CDATA[Weet u zeker dat u uw gegevens wilt verwijderen?]]></confirmUninstall>
	<is_configurable>1</is_configurable>
	<need_instance>1</need_instance>
	<limited_countries></limited_countries>
</module>
