<?xml version="1.0" encoding="utf-8"?>
<modification>
    <name>MultiSafepay: Patch for Quick Checkout v11.0.0 by MarketInSG for OC version 2.3.X</name>
    <version>1.0</version>
    <code>MSP-QUICK-CHECKOUT-BY-MARKET-IN-SG</code>
    <author>MultiSafepay</author>
    <link>https://www.multisafepay.com</link>
    <file path="catalog/controller/quickcheckout/payment_method.php">
        <operation info="Operation 1">
            <search><![CDATA[public function set() {]]></search>
            <add position="before"><![CDATA[
    private function sortMethods($method_data) {
		$sort_order = array();
		foreach($method_data as $key => $value) {
			if(strpos($key, 'multisafepay') !== false && $value['sort_order']) {
				$sort_order[$key] = $this->config->get('payment_multisafepay_sort_order') . '.' . $value['sort_order'];
			}
			if(strpos($key, 'multisafepay') !== false && !$value['sort_order']) {
				$sort_order[$key] = $this->config->get('payment_multisafepay_sort_order');
			}
			if(strpos($key, 'multisafepay') === false) {
				$sort_order[$key] = $value['sort_order'];
			}
		}
		array_multisort($sort_order, SORT_ASC, SORT_NATURAL, $method_data);
		return $method_data;
	}

	private function extractPaymentMethodsArray($method, $extension, $total, $recurring = false, $method_data = array()) {
		if ($method && $extension['code'] === 'multisafepay') {
			$methods = $this->{'model_extension_payment_'.$extension['code']}->getMethods($this->session->data['payment_address'],
				$total);
			foreach ($methods as $msp_method) {
				$method_data[$msp_method['code']] = $msp_method;
			}
			return $method_data;
		}
		if ($method && $extension['code'] !== 'multisafepay' && $recurring) {
			if (property_exists($this->{'model_extension_payment_'.$extension['code']},
					'recurringPayments') && $this->{'model_extension_payment_'.$extension['code']}->recurringPayments()) {
				$method_data[$method['code']] = $method;
				return $method_data;
			}
		}
		if ($method && $extension['code'] !== 'multisafepay' && !$recurring) {
			$method_data[$method['code']] = $method;
			return $method_data;
		}
	}

	private function getMultiSafepayImageByGatewayRoute($route) {
		$gateways = $this->multisafepay->getGateways();
		$gateway_key = array_search($route, array_column($gateways, 'route'));
		if(isset($gateways[$gateway_key]['image'])) {
			return $gateways[$gateway_key]['image'];
		}
		return false;
	}

    public function __construct($registry) {
        parent::__construct($registry);
        $this->registry->set('multisafepay', new Multisafepay($registry));
		$this->registry->set('multisafepay_version_control', new Multisafepayversioncontrol($registry));
		$this->key_prefix = $this->multisafepay_version_control->getKeyPrefix();
    }

            ]]>
            </add>
        </operation>
        <operation info="Operation 2">
            <search><![CDATA[$recurring = $this->cart->hasRecurringProducts();]]></search>
            <add position="replace" offset="27"><![CDATA[
            $recurring = $this->cart->hasRecurringProducts();

            foreach ($results as $result) {
                if ($this->config->get($this->key_prefix . $result['code'] . '_status')) {
                    $this->load->model('extension/payment/' . $result['code']);
                    $method = $this->{'model_extension_payment_' . $result['code']}->getMethod($this->session->data['payment_address'], $total);
                    $method_data = $this->extractPaymentMethodsArray($method, $result, $total, $recurring, $method_data);
                }
            }

            $method_data = $this->sortMethods($method_data);
            ]]>
            </add>
        </operation>
    </file>
    <file path="admin/controller/extension/module/quickcheckout.php">
        <operation info="Operation 1">
            <search><![CDATA[public function install()]]></search>
            <add position="before"><![CDATA[
    public function __construct($registry) {
        parent::__construct($registry);
        $this->registry->set('multisafepay', new Multisafepay($registry));
    }

    public function array_multidimensional_unique($input){
        $output = array_map("unserialize",
        array_unique(array_map("serialize", $input)));
        return $output;
    }
            ]]>
            </add>
        </operation>
        <operation info="Operation 2">
            <search><![CDATA[$files = glob(DIR_APPLICATION . 'controller/extension/shipping/*.php');]]></search>
            <add position="before"><![CDATA[
        $multisafepay_methods = $this->multisafepay->getGateways();
        $multisafepay_payments_for_quickcheckout = array();
        foreach ($multisafepay_methods as $multisafepay_method) {
            $multisafepay_payments_for_quickcheckout[] = array(
                'name' 	=> $multisafepay_method['description'],
                'code'	=> $multisafepay_method['route']
            );
        }
        $data['payment_modules'] = $this->array_multidimensional_unique(array_merge($data['payment_modules'], $multisafepay_payments_for_quickcheckout));
            ]]>
            </add>
        </operation>
    </file>
    <file path="catalog/view/theme/default/template/quickcheckout/payment_method.tpl">
        <operation info="Operation 1">
            <search><![CDATA[<td><img src="<?php echo $payment_logo[$payment_method['code']]; ?>" alt="<?php echo $payment_method['title']; ?>" /></td>]]></search>
            <add position="replace"><![CDATA[
            <td><img src="<?php echo $payment_logo[$payment_method['code']]; ?>" alt="<?php echo trim(strip_tags($payment_method['title'])); ?>" /></td>
            ]]>
            </add>
        </operation>
    </file>
</modification>
